{
  "mean_latency": 7.5,
  "load": 0.4766666666666667,
  "p95_latency": 9.0,
  "drop_rate": 0.8601398601398601,
  "throughput": 1.3333333333333333,
  "offload_ratio_cloud": 0.0,
  "offload_ratio_edge": 1.0,
  "avg_queue_lengths": {
    "server_0_private": 0.0,
    "server_0_offloading": 21.88801646647367,
    "server_0_public_from_5": 0.0,
    "server_0_public_from_10": 0.04818704117310408,
    "server_0_public_from_15": 0.0,
    "server_1_private": 0.0,
    "server_1_offloading": 24.894106639631985,
    "server_1_public_from_6": 0.0,
    "server_1_public_from_11": 0.01641345233740835,
    "server_1_public_from_16": 0.0,
    "server_2_private": 0.0,
    "server_2_offloading": 18.22973458432717,
    "server_2_public_from_7": 0.2726780107901452,
    "server_2_public_from_12": 0.22795070783492472,
    "server_2_public_from_17": 0.0,
    "server_3_private": 0.0,
    "server_3_offloading": 27.172631065303783,
    "server_3_public_from_8": 0.26889367283997784,
    "server_3_public_from_13": 0.0,
    "server_3_public_from_18": 0.1243405844834232,
    "server_4_private": 0.0,
    "server_4_offloading": 22.352849366161404,
    "server_4_public_from_9": 0.18170049180836137,
    "server_4_public_from_14": 0.0,
    "server_4_public_from_19": 0.17979798143055292,
    "server_5_private": 0.0,
    "server_5_offloading": 26.759550066279537,
    "server_5_public_from_0": 0.20535861316996445,
    "server_5_public_from_10": 0.1000763566091574,
    "server_5_public_from_15": 0.2826233871566443,
    "server_6_private": 0.0,
    "server_6_offloading": 26.253431386091147,
    "server_6_public_from_1": 0.08768408609075558,
    "server_6_public_from_11": 0.03395053797007944,
    "server_6_public_from_16": 0.03132653380764935,
    "server_7_private": 0.0,
    "server_7_offloading": 27.929070886790242,
    "server_7_public_from_2": 0.16604025635121858,
    "server_7_public_from_12": 0.11648709310207893,
    "server_7_public_from_17": 0.2079740196421039,
    "server_8_private": 0.0,
    "server_8_offloading": 17.299895223360068,
    "server_8_public_from_3": 0.0,
    "server_8_public_from_13": 0.0,
    "server_8_public_from_18": 0.0,
    "server_9_private": 0.0,
    "server_9_offloading": 26.175589262183156,
    "server_9_public_from_4": 0.14029825892743664,
    "server_9_public_from_14": 0.16901224975950407,
    "server_9_public_from_19": 0.04346616265260987,
    "server_10_private": 0.0,
    "server_10_offloading": 24.043724790622285,
    "server_10_public_from_0": 0.0,
    "server_10_public_from_5": 0.05753200753571665,
    "server_10_public_from_15": 0.04238814341571064,
    "server_11_private": 0.0,
    "server_11_offloading": 24.485804626084683,
    "server_11_public_from_1": 0.08015827823686417,
    "server_11_public_from_6": 0.21832305453328832,
    "server_11_public_from_16": 0.08618018670596202,
    "server_12_private": 0.0,
    "server_12_offloading": 28.657128058705947,
    "server_12_public_from_2": 0.08844271530236611,
    "server_12_public_from_7": 0.08708008216136502,
    "server_12_public_from_17": 0.1194788873525678,
    "server_13_private": 0.0,
    "server_13_offloading": 27.50504965761165,
    "server_13_public_from_3": 0.14185737093791126,
    "server_13_public_from_8": 0.009791002636419162,
    "server_13_public_from_18": 0.11037460483196741,
    "server_14_private": 0.0,
    "server_14_offloading": 25.141198432448068,
    "server_14_public_from_4": 0.03398571869300738,
    "server_14_public_from_9": 0.04923243122487159,
    "server_14_public_from_19": 0.05202468102710298,
    "server_15_private": 0.0,
    "server_15_offloading": 24.579719742088688,
    "server_15_public_from_0": 0.07745139455655291,
    "server_15_public_from_5": 0.1273214724921057,
    "server_15_public_from_10": 0.0,
    "server_16_private": 0.0,
    "server_16_offloading": 30.188019529211573,
    "server_16_public_from_1": 0.11353212752322485,
    "server_16_public_from_6": 0.0,
    "server_16_public_from_11": 0.1279275367740762,
    "server_17_private": 0.0,
    "server_17_offloading": 29.499733182222695,
    "server_17_public_from_2": 0.07207694483447162,
    "server_17_public_from_7": 0.0,
    "server_17_public_from_12": 0.0,
    "server_18_private": 0.0,
    "server_18_offloading": 25.329027573230498,
    "server_18_public_from_3": 0.03811177836412112,
    "server_18_public_from_8": 0.0468036236692647,
    "server_18_public_from_13": 0.1822462179966961,
    "server_19_private": 0.0,
    "server_19_offloading": 28.636845636420976,
    "server_19_public_from_4": 0.09840268076365864,
    "server_19_public_from_9": 0.0,
    "server_19_public_from_14": 0.0,
    "cloud_public_from_0": 0.0,
    "cloud_public_from_1": 0.0,
    "cloud_public_from_2": 0.0,
    "cloud_public_from_3": 0.0,
    "cloud_public_from_4": 0.0,
    "cloud_public_from_5": 0.0,
    "cloud_public_from_6": 0.0,
    "cloud_public_from_7": 0.0,
    "cloud_public_from_8": 0.0,
    "cloud_public_from_9": 0.0,
    "cloud_public_from_10": 0.0,
    "cloud_public_from_11": 0.0,
    "cloud_public_from_12": 0.0,
    "cloud_public_from_13": 0.0,
    "cloud_public_from_14": 0.0,
    "cloud_public_from_15": 0.0,
    "cloud_public_from_16": 0.0,
    "cloud_public_from_17": 0.0,
    "cloud_public_from_18": 0.0,
    "cloud_public_from_19": 0.0
  },
  "peak_queue_lengths": {
    "server_0_private": 0.0,
    "server_0_offloading": 43.167184383654394,
    "server_0_public_from_5": 0.0,
    "server_0_public_from_10": 1.8536787063860276,
    "server_0_public_from_15": 0.0,
    "server_1_private": 0.0,
    "server_1_offloading": 41.258210669724484,
    "server_1_public_from_6": 0.0,
    "server_1_public_from_11": 0.6893649981711507,
    "server_1_public_from_16": 0.0,
    "server_2_private": 0.0,
    "server_2_offloading": 32.68065697864782,
    "server_2_public_from_7": 3.533424272497152,
    "server_2_public_from_12": 3.656108694892972,
    "server_2_public_from_17": 0.0,
    "server_3_private": 0.0,
    "server_3_offloading": 44.26469161514498,
    "server_3_public_from_8": 3.806829152380531,
    "server_3_public_from_13": 0.0,
    "server_3_public_from_18": 2.5078248461987,
    "server_4_private": 0.0,
    "server_4_offloading": 39.74117364444716,
    "server_4_public_from_9": 2.3517114165250455,
    "server_4_public_from_14": 0.0,
    "server_4_public_from_19": 3.1505050676470683,
    "server_5_private": 0.0,
    "server_5_offloading": 33.865537438077695,
    "server_5_public_from_0": 3.1894938803304145,
    "server_5_public_from_10": 2.0938298202957255,
    "server_5_public_from_15": 3.7991419675941716,
    "server_6_private": 0.0,
    "server_6_offloading": 37.268796863143905,
    "server_6_public_from_1": 2.683116649656709,
    "server_6_public_from_11": 1.4259225947433365,
    "server_6_public_from_16": 1.3157144199212725,
    "server_7_private": 0.0,
    "server_7_offloading": 47.33881471951401,
    "server_7_public_from_2": 2.2360634094294154,
    "server_7_public_from_12": 2.8671043760190784,
    "server_7_public_from_17": 3.916696999483179,
    "server_8_private": 0.0,
    "server_8_offloading": 28.42569957524572,
    "server_8_public_from_3": 0.0,
    "server_8_public_from_13": 0.0,
    "server_8_public_from_18": 0.0,
    "server_9_private": 0.0,
    "server_9_offloading": 38.32978128256098,
    "server_9_public_from_4": 2.3755844652795677,
    "server_9_public_from_14": 2.4581133441952905,
    "server_9_public_from_19": 1.8255788314096146,
    "server_10_private": 0.0,
    "server_10_offloading": 47.16417915461978,
    "server_10_public_from_0": 0.0,
    "server_10_public_from_5": 1.2666903161586853,
    "server_10_public_from_15": 1.780302023459847,
    "server_11_private": 0.0,
    "server_11_offloading": 35.121094562262364,
    "server_11_public_from_1": 1.8106006363658738,
    "server_11_public_from_6": 3.6852753972523518,
    "server_11_public_from_16": 2.651534762576044,
    "server_12_private": 0.0,
    "server_12_offloading": 44.95407479215175,
    "server_12_public_from_2": 1.5261524156349064,