{
  "mean_latency": 5.333333333333333,
  "load": 0.5166666666666667,
  "p95_latency": 9.0,
  "drop_rate": 0.5161290322580645,
  "throughput": 5.0,
  "offload_ratio_cloud": 0.22666666666666666,
  "offload_ratio_edge": 0.7733333333333333,
  "avg_queue_lengths": {
    "server_0_private": 7.716926298225199,
    "server_0_offloading": 23.378548191780272,
    "server_0_public_from_5": 0.010280347521821921,
    "server_0_public_from_10": 0.23503679199901736,
    "server_0_public_from_15": 0.048003460754419566,
    "server_1_private": 3.2487483284836194,
    "server_1_offloading": 17.834407194932,
    "server_1_public_from_6": 0.0,
    "server_1_public_from_11": 0.14411213723291583,
    "server_1_public_from_16": 0.0554981322020219,
    "server_2_private": 12.77798394774744,
    "server_2_offloading": 24.23774033631911,
    "server_2_public_from_7": 0.1043773817448641,
    "server_2_public_from_12": 0.09393366720910899,
    "server_2_public_from_17": 0.15773022752132196,
    "server_3_private": 4.150983767165982,
    "server_3_offloading": 25.858844576359388,
    "server_3_public_from_8": 0.05170547804165778,
    "server_3_public_from_13": 0.05732119146841141,
    "server_3_public_from_18": 0.12241519763504953,
    "server_4_private": 8.609799648129544,
    "server_4_offloading": 26.51589803600063,
    "server_4_public_from_9": 0.3574558885880392,
    "server_4_public_from_14": 0.06555678256045828,
    "server_4_public_from_19": 0.4424897714199848,
    "server_5_private": 9.288740312061723,
    "server_5_offloading": 31.57759257762172,
    "server_5_public_from_0": 0.09594812837203409,
    "server_5_public_from_10": 0.06993307836256875,
    "server_5_public_from_15": 0.07447987602739105,
    "server_6_private": 4.275374349758938,
    "server_6_offloading": 26.076946097311374,
    "server_6_public_from_1": 0.0,
    "server_6_public_from_11": 0.0,
    "server_6_public_from_16": 0.10569808503306334,
    "server_7_private": 5.215787457625998,
    "server_7_offloading": 26.933043203565497,
    "server_7_public_from_2": 0.18409684497591272,
    "server_7_public_from_12": 0.041442638651513215,
    "server_7_public_from_17": 0.20777359138089257,
    "server_8_private": 10.26447610628501,
    "server_8_offloading": 22.14883009640966,
    "server_8_public_from_3": 0.18131110852749727,
    "server_8_public_from_13": 0.17816495347297345,
    "server_8_public_from_18": 0.1955361673707736,
    "server_9_private": 3.717148540266026,
    "server_9_offloading": 18.83641797586005,
    "server_9_public_from_4": 0.1825880558156039,
    "server_9_public_from_14": 0.17781685539904227,
    "server_9_public_from_19": 0.0,
    "server_10_private": 7.65163283842856,
    "server_10_offloading": 23.000057592805764,
    "server_10_public_from_0": 0.07391363258110616,
    "server_10_public_from_5": 0.14516248464319953,
    "server_10_public_from_15": 0.10955141495597961,
    "server_11_private": 7.1167046363124875,
    "server_11_offloading": 29.262310484375433,
    "server_11_public_from_1": 0.0,
    "server_11_public_from_6": 0.039151055751911565,
    "server_11_public_from_16": 0.13415479501717892,
    "server_12_private": 9.443337133247304,
    "server_12_offloading": 23.030176351612113,
    "server_12_public_from_2": 0.055757560029820206,
    "server_12_public_from_7": 0.029078433808122466,
    "server_12_public_from_17": 0.014524565951914727,
    "server_13_private": 8.491610896331931,
    "server_13_offloading": 26.591782163240573,
    "server_13_public_from_3": 0.045971851022574034,
    "server_13_public_from_8": 0.027366296080536,
    "server_13_public_from_18": 0.011630004484883757,
    "server_14_private": 6.01084224391702,
    "server_14_offloading": 25.222809434761956,
    "server_14_public_from_4": 0.10732596173198294,
    "server_14_public_from_9": 0.0157845525693943,
    "server_14_public_from_19": 0.033642538935441606,
    "server_15_private": 4.36278044597275,
    "server_15_offloading": 31.434087674845564,
    "server_15_public_from_0": 0.03430372455287051,
    "server_15_public_from_5": 0.008650393091400022,
    "server_15_public_from_10": 0.0,
    "server_16_private": 4.863561126195667,
    "server_16_offloading": 21.417074765001736,
    "server_16_public_from_1": 0.16742604593823726,
    "server_16_public_from_6": 0.016927302723135695,
    "server_16_public_from_11": 0.05636203297701881,
    "server_17_private": 5.8272389306638095,
    "server_17_offloading": 17.98453039390741,
    "server_17_public_from_2": 0.12648894908630837,
    "server_17_public_from_7": 0.02333288244134686,
    "server_17_public_from_12": 0.11370963436754683,
    "server_18_private": 6.361882469252934,
    "server_18_offloading": 24.213342095284833,
    "server_18_public_from_3": 0.18594911113653337,
    "server_18_public_from_8": 0.06918608610321245,
    "server_18_public_from_13": 0.09610098812759095,
    "server_19_private": 5.970076477823302,
    "server_19_offloading": 27.2308096206244,
    "server_19_public_from_4": 0.12433233183773613,
    "server_19_public_from_9": 0.0,
    "server_19_public_from_14": 0.08071619293335822,
    "cloud_public_from_0": 0.017035004454857377,
    "cloud_public_from_1": 0.0,
    "cloud_public_from_2": 3.172065784643304e-17,
    "cloud_public_from_3": 0.0,
    "cloud_public_from_4": -3.172065784643304e-17,
    "cloud_public_from_5": 0.0,
    "cloud_public_from_6": 0.0,
    "cloud_public_from_7": 0.0,
    "cloud_public_from_8": 0.0,
    "cloud_public_from_9": 0.0,
    "cloud_public_from_10": 0.0,
    "cloud_public_from_11": 2.0089749969407595e-16,
    "cloud_public_from_12": 0.0,
    "cloud_public_from_13": 0.0,
    "cloud_public_from_14": 0.0,
    "cloud_public_from_15": 2.749123680024197e-16,
    "cloud_public_from_16": 0.0,
    "cloud_public_from_17": 0.0,
    "cloud_public_from_18": 0.0,
    "cloud_public_from_19": 0.0
  },
  "peak_queue_lengths": {
    "server_0_private": 10.832137618274722,
    "server_0_offloading": 40.46967451354736,
    "server_0_public_from_5": 0.4317745959165207,
    "server_0_public_from_10": 3.930725458111449,
    "server_0_public_from_15": 1.4289480967182309,
    "server_1_private": 7.371307134491319,
    "server_1_offloading": 30.4308360664661,
    "server_1_public_from_6": 0.0,
    "server_1_public_from_11": 3.100373407975937,
    "server_1_public_from_16": 1.5945054795069982,
    "server_2_private": 16.805880649105767,
    "server_2_offloading": 37.844870050835695,
    "server_2_public_from_7": 2.280759099251835,
    "server_2_public_from_12": 2.8143578531421305,
    "server_2_public_from_17": 3.264223195973898,
    "server_3_private": 8.372010472820325,
    "server_3_offloading": 40.29390520346293,
    "server_3_public_from_8": 1.9275658806256553,
    "server_3_public_from_13": 2.407490041673279,
    "server_3_public_from_18": 2.2362613804808875,
    "server_4_private": 16.622248265041442,
    "server_4_offloading": 38.9039515337738,
    "server_4_public_from_9": 3.428585086459826,
    "server_4_public_from_14": 2.2184432755204657,
    "server_4_public_from_19": 3.703269608561426,
    "server_5_private": 15.222774045313011,
    "server_5_offloading": 47.29735477754073,
    "server_5_public_from_0": 2.564007827956491,
    "server_5_public_from_10": 2.105131677586642,
    "server_5_public_from_15": 3.128154793150424,
    "server_6_private": 8.161210533394277,
    "server_6_offloading": 44.02404024786182,
    "server_6_public_from_1": 0.0,
    "server_6_public_from_11": 0.0,
    "server_6_public_from_16": 3.061410627445172,
    "server_7_private": 7.209524652542579,
    "server_7_offloading": 46.20702090406105,
    "server_7_public_from_2": 2.4328070756834155,
    "server_7_public_from_12": 1.740590823363555,
    "server_7_public_from_17": 3.0309784401415207,
    "server_8_private": 18.080528175436207,
    "server_8_offloading": 34.93513131127293,
    "server_8_public_from_3": 2.8136979356489347,
    "server_8_public_from_13": 2.683195503985831,
    "server_8_public_from_18": 3.307371058806114,