{
  "mean_latency": 5.117241379310345,
  "load": 0.53,
  "p95_latency": 9.0,
  "drop_rate": 0.5440251572327044,
  "throughput": 4.833333333333333,
  "offload_ratio_cloud": 0.16551724137931034,
  "offload_ratio_edge": 0.8344827586206897,
  "avg_queue_lengths": {
    "server_0_private": 5.350675262250292,
    "server_0_offloading": 27.360106528810412,
    "server_0_public_from_5": 0.1023841179568435,
    "server_0_public_from_10": 0.1264380217729193,
    "server_0_public_from_15": 0.05696341729709877,
    "server_1_private": 12.799307849201336,
    "server_1_offloading": 31.257463099421166,
    "server_1_public_from_6": 0.0,
    "server_1_public_from_11": 0.01375919560959377,
    "server_1_public_from_16": 0.03650279725428444,
    "server_2_private": 10.118686109639011,
    "server_2_offloading": 25.626340892356687,
    "server_2_public_from_7": 0.29628792245027646,
    "server_2_public_from_12": 0.29475633019610264,
    "server_2_public_from_17": 0.30468764919526886,
    "server_3_private": 4.96999642253174,
    "server_3_offloading": 29.526236312673053,
    "server_3_public_from_8": 0.11107817802666953,
    "server_3_public_from_13": 0.03874844298950514,
    "server_3_public_from_18": 0.11596413496987942,
    "server_4_private": 6.9276656642725545,
    "server_4_offloading": 33.296802869957304,
    "server_4_public_from_9": 0.0,
    "server_4_public_from_14": 0.17560866260625968,
    "server_4_public_from_19": 0.3015217383820493,
    "server_5_private": 8.008201422731899,
    "server_5_offloading": 26.190905334321148,
    "server_5_public_from_0": 0.124662941161005,
    "server_5_public_from_10": 0.043821262908788766,
    "server_5_public_from_15": 0.0898139181631376,
    "server_6_private": 9.402459053305755,
    "server_6_offloading": 25.571762197180586,
    "server_6_public_from_1": 0.09592907741070571,
    "server_6_public_from_11": 0.249056693193118,
    "server_6_public_from_16": 0.1509329832421679,
    "server_7_private": 7.433573221207136,
    "server_7_offloading": 21.40281095773041,
    "server_7_public_from_2": 0.04669894796846325,
    "server_7_public_from_12": 0.0,
    "server_7_public_from_17": 0.09991866450008914,
    "server_8_private": 3.0648358597595764,
    "server_8_offloading": 22.996543326066565,
    "server_8_public_from_3": 0.0,
    "server_8_public_from_13": 0.06200661032422525,
    "server_8_public_from_18": 0.06828916434017478,
    "server_9_private": 3.461085742092882,
    "server_9_offloading": 26.99273482748638,
    "server_9_public_from_4": 0.1008878438533888,
    "server_9_public_from_14": 0.1813377623962474,
    "server_9_public_from_19": 0.08669877447359531,
    "server_10_private": 8.135416717806397,
    "server_10_offloading": 23.055280169394305,
    "server_10_public_from_0": 0.0,
    "server_10_public_from_5": 0.034025159860761496,
    "server_10_public_from_15": 0.04973769691178921,
    "server_11_private": 10.971797490035009,
    "server_11_offloading": 28.89323836110999,
    "server_11_public_from_1": 0.026432503638385646,
    "server_11_public_from_6": 0.0,
    "server_11_public_from_16": 0.1503814507982622,
    "server_12_private": 2.913833492963919,
    "server_12_offloading": 29.79494675915658,
    "server_12_public_from_2": 0.0,
    "server_12_public_from_7": 0.14478217757473852,
    "server_12_public_from_17": 0.027366296080536,
    "server_13_private": 2.694844780373277,
    "server_13_offloading": 25.61294962957594,
    "server_13_public_from_3": 0.08102697003770035,
    "server_13_public_from_8": 0.0,
    "server_13_public_from_18": 0.0,
    "server_14_private": 2.1475446211973934,
    "server_14_offloading": 15.786896766118351,
    "server_14_public_from_4": 0.063221617427386,
    "server_14_public_from_9": 0.03875224233086526,
    "server_14_public_from_19": 0.02601310755158428,
    "server_15_private": 8.507262895922016,
    "server_15_offloading": 18.355734721581896,
    "server_15_public_from_0": 0.12753640820752732,
    "server_15_public_from_5": 0.1589157570951983,
    "server_15_public_from_10": 0.18194671011953525,
    "server_16_private": 10.628436993227362,
    "server_16_offloading": 21.796896992500212,
    "server_16_public_from_1": 0.16324907749243836,
    "server_16_public_from_6": 0.18896717318505388,
    "server_16_public_from_11": 0.022517813463457662,
    "server_17_private": 5.773358546547368,
    "server_17_offloading": 28.732256846471167,
    "server_17_public_from_2": 0.1257144454390279,
    "server_17_public_from_7": 0.10568270182131544,
    "server_17_public_from_12": 0.012117638227254032,
    "server_18_private": 4.990214009075714,
    "server_18_offloading": 27.571547104590714,
    "server_18_public_from_3": 0.06617804776290767,
    "server_18_public_from_8": 0.21807270451053212,
    "server_18_public_from_13": 0.1299201546087559,
    "server_19_private": 8.811991998184123,
    "server_19_offloading": 25.574579725903185,
    "server_19_public_from_4": 0.0,
    "server_19_public_from_9": 0.13533628002773293,
    "server_19_public_from_14": 0.03421503235631827,
    "cloud_public_from_0": 0.024449638004995645,
    "cloud_public_from_1": 0.0,
    "cloud_public_from_2": 0.007839537346955961,
    "cloud_public_from_3": 0.0007248678680006284,
    "cloud_public_from_4": 0.06676684321316566,
    "cloud_public_from_5": 0.0,
    "cloud_public_from_6": -3.383536836952858e-16,
    "cloud_public_from_7": 0.0,
    "cloud_public_from_8": 0.0,
    "cloud_public_from_9": 0.03550580160827589,
    "cloud_public_from_10": -1.4802973661668753e-16,
    "cloud_public_from_11": 0.0,
    "cloud_public_from_12": 0.03027675968090189,
    "cloud_public_from_13": 0.02327227223096777,
    "cloud_public_from_14": 0.0,
    "cloud_public_from_15": 0.0,
    "cloud_public_from_16": 0.0,
    "cloud_public_from_17": 0.0,
    "cloud_public_from_18": 0.022181672917889122,
    "cloud_public_from_19": 0.05816611444287544
  },
  "peak_queue_lengths": {
    "server_0_private": 11.186637597130204,
    "server_0_offloading": 43.6833470524896,
    "server_0_public_from_5": 2.9918173188445554,
    "server_0_public_from_10": 2.23818335168425,
    "server_0_public_from_15": 1.3525533585890244,
    "server_1_private": 19.78776357662851,
    "server_1_offloading": 51.32112285179227,
    "server_1_public_from_6": 0.0,
    "server_1_public_from_11": 0.5778862156029383,
    "server_1_public_from_16": 0.7735624335615079,
    "server_2_private": 17.92665576269664,
    "server_2_offloading": 41.20224816742872,
    "server_2_public_from_7": 3.814007886414099,
    "server_2_public_from_12": 3.9366923088099193,
    "server_2_public_from_17": 3.780420301025472,
    "server_3_private": 10.944719585463968,
    "server_3_offloading": 43.43974516195775,
    "server_3_public_from_8": 3.1743925803109017,
    "server_3_public_from_13": 0.9164878911875165,
    "server_3_public_from_18": 2.2362613804808875,
    "server_4_private": 12.281211074492028,
    "server_4_offloading": 51.14163429039053,
    "server_4_public_from_9": 0.0,
    "server_4_public_from_14": 2.697591426570579,
    "server_4_public_from_19": 3.5238856951687145,
    "server_5_private": 13.626977586407566,
    "server_5_offloading": 42.25040115359328,
    "server_5_public_from_0": 2.163177009349849,
    "server_5_public_from_10": 1.8404930421691281,
    "server_5_public_from_15": 1.7283610282525348,
    "server_6_private": 17.13898064835345,
    "server_6_offloading": 36.90305946049941,
    "server_6_public_from_1": 2.86052300446502,
    "server_6_public_from_11": 3.1585493045861615,
    "server_6_public_from_16": 3.2816198306759947,
    "server_7_private": 12.540661675708328,
    "server_7_offloading": 34.17112900368647,
    "server_7_public_from_2": 1.4015533282131485,
    "server_7_public_from_12": 0.0,
    "server_7_public_from_17": 1.926235949824483,
    "server_8_private": 7.904661742637654,
    "server_8_offloading": 43.28414996749128,
    "server_8_public_from_3": 0.0,
    "server_8_public_from_13": 1.0774258892687845,
    "server_8_public_from_18": 2.275823292894512,